{"py/object": "rasa_core.featurizers.MaxHistoryTrackerFeaturizer", "max_history": 5, "remove_duplicates": true, "state_featurizer": {"py/object": "rasa_core.featurizers.BinarySingleStateFeaturizer", "input_state_map": {"entity_cuisine": 14, "entity_email": 16, "entity_location": 13, "entity_price": 15, "intent_affirm": 1, "intent_deny": 2, "intent_goodbye": 3, "intent_greet": 0, "intent_restaurant_search": 5, "intent_send_email": 12, "intent_thankyou": 4, "intent_utter_ask_budget": 8, "intent_utter_ask_cuisine": 7, "intent_utter_ask_location": 6, "intent_utter_ask_sendEmail": 9, "intent_utter_confirm": 11, "intent_utter_give_email": 10, "prev_action_default_fallback": 23, "prev_action_listen": 21, "prev_action_restart": 22, "prev_action_restaurant": 34, "prev_action_sendemail": 35, "prev_utter_ask_Email_Id": 32, "prev_utter_ask_budget": 30, "prev_utter_ask_cuisine": 29, "prev_utter_ask_howcanhelp": 27, "prev_utter_ask_location": 28, "prev_utter_ask_sendEmail": 31, "prev_utter_confirm": 33, "prev_utter_default": 26, "prev_utter_goodbye": 25, "prev_utter_greet": 24, "slot_cuisine_0": 17, "slot_email_0": 18, "slot_location_0": 19, "slot_price_0": 20}, "num_features": 36, "slot_feature_len": 4, "user_feature_len": 17}, "use_intent_probabilities": false}