{
  "rasa_nlu_data": {
    "regex_features": [
      {
        "name": "zipcode",
        "pattern": "[0-9]{5}"
      },
      {
        "name": "greet",
        "pattern": "hey[^\\s]*"
      },
      {
        "name": "send_email",
        "pattern": "[^\\w]*@[A-z]*[.com|.co.in]"
      }
    ],
    "entity_synonyms": [
      {
        "value": "chinese",
        "synonyms": [
          "Chinese",
          "Chines",
          "chines"
        ]
      },
      {
        "value": "mexican",
        "synonyms": [
          "Mexican Indian Fusion",
          "Mexicana"
        ]
      },
      {
        "value": "Lesser than Rs. 300",
        "synonyms": [
          "Less than 300",
          "Lesser than 300",
          "Lower than 300",
          "Low budget",
          "Cost effective",
          "Lesser than 300Rs.",
          "Lesser than Rs300",
          "<300",
          "Low end of range",
          "Not very expensive",
          "cheaper options",
          "Less than 300 ruppees",
          "Less than ruppees 300",
          "Lower than ruppees 300",
          "< 300 rs",
          "< 300 ruppees",
          "<ruppees 300",
          "Low budget",
          "Lesser Budget",
          "lesser than rs. 300 price range",
          "< 300 price range",
          "Lesser than Rs. 300",
          "Price Less than 300",
          "lesser than Rs. 300 price range"
        ]
      },
      {
        "value": "Rs. 300 to 700",
        "synonyms": [
          "Mid range",
          "Mid-Range",
          "Rs300-700",
          "300-700Rs",
          "Rs.300-Rs.700",
          "Rs300-Rs700",
          "Medium Range",
          "between 300 to 700 rs",
          "between 300 to 700 ruppees",
          "between rupppees 300 to 700",
          "mid budget",
          "300 ruppees to 700 ruppees",
          "Medium Budget",
          "Mid budget",
          "Rs. 300 to 700 price range",
          "Bewteen 300 to 700",
          "Rs. 300 to 700",
          "Rs. 300 to Rs. 700"
        ]
      },
      {
        "value": "More than 700",
        "synonyms": [
          "Greater than 700",
          "High-Range",
          "High end",
          ">700",
          ">700Rs.",
          ">Rs. 700",
          "More than Rs. 700",
          "More than 700Rs.",
          "More than ruppees 700",
          "More than 700 ruppees",
          "More than 700 rs",
          "More than rs 700",
          "High Budget",
          "Costly options",
          "more than 700 price range",
          "Price more than 700",
          "More than 700",
          "Costly"
        ]
      },
      {
        "value": "vegetarian",
        "synonyms": [
          "veggie",
          "vegg"
        ]
      },
      {
        "value": "Kochi",
        "synonyms": [
          "Kochi",
          "Cochin"
        ]
      },
      {
        "value": "Kottayam",
        "synonyms": [
          "Kottayam",
          "Cottayam",
          "Cotym"
        ]
      },
      {
        "value": "Kollam",
        "synonyms": [
          "Kollam",
          "Kolam",
          "Quilon",
          "Desinganadu"
        ]
      },
      {
        "value": "Kota",
        "synonyms": [
          "Kota",
          "Kotah"
        ]
      },
      {
        "value": "Dehradun",
        "synonyms": [
          "Dehredun",
          "Dahradun",
          "Dun",
          "DED",
          "Dehra Dun",
          "Dehra"
        ]
      },
      {
        "value": "Dhanbad",
        "synonyms": [
          "Dhenbad",
          "Dhanabad",
          "Dhnbaad"
        ]
      },
      {
        "value": "Durg-BhilaiNagar",
        "synonyms": [
          "Bhilai Nagar",
          "Durg Bhillai Nagar",
          "Bhillai Nagar",
          "Durgbillai Nagar",
          "Durgbhillainagar"
        ]
      },
      {
        "value": "Durgapur",
        "synonyms": [
          "Durgpur",
          "Duragpur"
        ]
      },
      {
        "value": "Erode",
        "synonyms": [
          "Eru Odai",
          "Eera Odu"
        ]
      },
      {
        "value": "Faridabad",
        "synonyms": [
          "FDB",
          "Faridbad"
        ]
      },
      {
        "value": "Firozabad",
        "synonyms": [
          "Firozbad",
          "Ferozabad",
          "Feroazabad"
        ]
      },
      {
        "value": "Ghaziabad",
        "synonyms": [
          "Gaziabad",
          "Gzbd",
          "Gaziabd"
        ]
      },
      {
        "value": "Kota",
        "synonyms": [
          "Kota",
          "Kotah"
        ]
      },
      {
        "value": "Gorakhpur",
        "synonyms": [
          "Gorkpur",
          "Gorakpur",
          "Gorekpur"
        ]
      },
      {
        "value": "Gulbarga",
        "synonyms": [
          "Glbarga",
          "Gulbarg"
        ]
      },
      {
        "value": "Guntur",
        "synonyms": [
          "Gntur",
          "Gunturu",
          "Guntar"
        ]
      },
      {
        "value": "Gurgaon",
        "synonyms": [
          "GGN",
          "Gurugram",
          "Gurgaon"
        ]
      },
      {
        "value": "Guwahati",
        "synonyms": [
          "Gwahati",
          "Guhati"
        ]
      },
      {
        "value": "Gwalior",
        "synonyms": [
          "Gwoliar",
          "Gwaliur",
          "Gwaliar"
        ]
      },
      {
        "value": "Hubli-Dharwad",
        "synonyms": [
          "Hubli",
          "Dharwad",
          "Huble",
          "Dharwar",
          "Hublidharwad",
          "HubliDharwad"
        ]
      },
      {
        "value": "Indore",
        "synonyms": [
          "IDR",
          "Indor"
        ]
      },
      {
        "value": "Jabalpur",
        "synonyms": [
          "JBL",
          "Jabalpuru"
        ]
      },
      {
        "value": "Jaipur",
        "synonyms": [
          "JAI",
          "Japur",
          "Jaipura"
        ]
      },
      {
        "value": "Jalandhar",
        "synonyms": [
          "JLD",
          "Jalndhar"
        ]
      },
      {
        "value": "Jammu",
        "synonyms": [
          "IXJ",
          "Jmmu",
          "Jamu"
        ]
      },
      {
        "value": "Jamnagar",
        "synonyms": [
          "JGA",
          "Jamanagar",
          "Jamngar",
          ""
        ]
      },
      {
        "value": "Jamshedpur",
        "synonyms": [
          "Jmshedpur",
          "Jamsedpur",
          "IXW"
        ]
      },
      {
        "value": "Jhansi",
        "synonyms": [
          "Jhnsi",
          "Jansi"
        ]
      },
      {
        "value": "Jodhpur",
        "synonyms": [
          "JDH",
          "Jodpur"
        ]
      },
      {
        "value": "Kannur",
        "synonyms": [
          "Kanur",
          "Knnur"
        ]
      },
      {
        "value": "Kanpur",
        "synonyms": [
          "KNU",
          "Knpur"
        ]
      },
      {
        "value": "Kakinada",
        "synonyms": [
          "Kakinda",
          "Kkinada"
        ]
      },
      {
        "value": "Kozhikode",
        "synonyms": [
          "Kozhikode",
          "Calicut"
        ]
      },
      {
        "value": "Kurnool",
        "synonyms": [
          "Kurnool",
          "karnool"
        ]
      },
      {
        "value": "Lucknow",
        "synonyms": [
          "Lucknow",
          "LKO"
        ]
      },
      {
        "value": "Ludhiana",
        "synonyms": [
          "Ludhiana",
          "LUH"
        ]
      },
      {
        "value": "Madurai",
        "synonyms": [
          "Madurai",
          "IXM"
        ]
      },
      {
        "value": "Goa",
        "synonyms": [
          "Goa",
          "GOI"
        ]
      },
      {
        "value": "Mangalore",
        "synonyms": [
          "Mangalore",
          "IXE"
        ]
      },
      {
        "value": "Mysore",
        "synonyms": [
          "Mysore",
          "Mysuru"
        ]
      },
      {
        "value": "Nagpur",
        "synonyms": [
          "Nagpur",
          "NAG"
        ]
      },
      {
        "value": "Nanded",
        "synonyms": [
          "Nanded",
          "NDC"
        ]
      },
      {
        "value": "Palakkad",
        "synonyms": [
          "Palakkad",
          "Palghat"
        ]
      },
      {
        "value": "Patna",
        "synonyms": [
          "Patna",
          "PAT"
        ]
      },
      {
        "value": "Pondicherry",
        "synonyms": [
          "Pondicherry",
          "Puducherry",
          "PNY"
        ]
      },
      {
        "value": "Raipur",
        "synonyms": [
          "Atal Nagar"
        ]
      },
      {
        "value": "Rajkot",
        "synonyms": [
          "RAJ"
        ]
      },
      {
        "value": "Rajahmundry",
        "synonyms": [
          "Rajamahendravaram",
          "Rajmandri"
        ]
      },
      {
        "value": "Ranchi",
        "synonyms": [
          "IXR",
          "Rachi"
        ]
      },
      {
        "value": "Rourkela",
        "synonyms": [
          "spat Nagar"
        ]
      },
      {
        "value": "Solapur",
        "synonyms": [
          "Kegaon"
        ]
      },
      {
        "value": "Srinagar",
        "synonyms": [
          "SXR",
          "Shrinagar",
          "Siri-nagar",
          "Sri-nagar",
          "Sri-nagara"
        ]
      },
      {
        "value": "Surat",
        "synonyms": [
          "STV",
          "Surajpur",
          "Suryapur"
        ]
      },
      {
        "value": "Thiruvananthapuram",
        "synonyms": [
          "Trivandrum",
          "Travancore"
        ]
      },
      {
        "value": "Thrissur",
        "synonyms": [
          "Trichur"
        ]
      },
      {
        "value": "Thrissur",
        "synonyms": [
          "Trichur"
        ]
      },
      {
        "value": "Tiruchirappalli",
        "synonyms": [
          "Trichy",
          "Trichinopoly"
        ]
      },
      {
        "value": "Tirunelveli",
        "synonyms": [
          "Nellai",
          "Tinnevelly"
        ]
      },
      {
        "value": "Tiruppur",
        "synonyms": [
          "Tirupur"
        ]
      },
      {
        "value": "Ujjain",
        "synonyms": [
          "Ujjaini"
        ]
      },
      {
        "value": "Bijapur",
        "synonyms": [
          "Vijayapura"
        ]
      },
      {
        "value": "Vadodara",
        "synonyms": [
          "BDQ",
          "Baroda"
        ]
      },
      {
        "value": "Varanasi",
        "synonyms": [
          "VNS",
          "Benares",
          "Banaras",
          "kashi"
        ]
      },
      {
        "value": "Varanasi",
        "synonyms": [
          "VNS",
          "Benares",
          "Banaras",
          "kashi"
        ]
      },
      {
        "value": "Vijayawada",
        "synonyms": [
          "VGA",
          "Bezawada"
        ]
      },
      {
        "value": "Visakhapatnam",
        "synonyms": [
          "Vizag",
          "Waltair"
        ]
      },
      {
        "value": "Prayagraj",
        "synonyms": [
          "Prayagraj",
          "Allahabad"
        ]
      },
      {
        "value": "Ahmedabad",
        "synonyms": [
          "ahmedabad",
          "amd",
          "AMD",
          "amdavad",
          "Amdavad"
        ]
      },
      {
        "value": "Chennai",
        "synonyms": [
          "Madras",
          "MAA",
          "chennai",
          "chenai"
        ]
      },
      {
        "value": "Delhi",
        "synonyms": [
          "Dilli",
          "DEL",
          "delhi",
          "dilli",
          "New Delhi",
          "new delhi",
          "newdelhi"
        ]
      },
      {
        "value": "Hyderabad",
        "synonyms": [
          "Hyd",
          "HYD",
          "haiderabad",
          "hyderabad"
        ]
      },
      {
        "value": "Kolkata",
        "synonyms": [
          "CCU",
          "kolkata",
          "calcutta",
          "Kalkata",
          "Calcutta",
          "Calcuta"
        ]
      },
      {
        "value": "Mumbai",
        "synonyms": [
          "mumbai",
          "BOM",
          "Navi Mumbai",
          "navi mumbai"
        ]
      },
      {
        "value": "Pune",
        "synonyms": [
          "pune",
          "PNQ",
          "Poona",
          "poona"
        ]
      },
      {
        "value": "Agra",
        "synonyms": [
          "agra",
          "AGR"
        ]
      },
      {
        "value": "Ajmer",
        "synonyms": [
          "ajmer"
        ]
      },
      {
        "value": "Aligarh",
        "synonyms": [
          "aligar",
          "aligadh",
          "aligad",
          "aligarh"
        ]
      },
      {
        "value": "Amravati",
        "synonyms": [
          "amravati",
          "amravat",
          "amravaty",
          "Amaravaty"
        ]
      },
      {
        "value": "Amritsar",
        "synonyms": [
          "amritsar",
          "ATQ",
          "ambarsar",
          "Ambarsar"
        ]
      },
      {
        "value": "Asansol",
        "synonyms": [
          "asansol",
          "asaansol"
        ]
      },
      {
        "value": "Aurangabad",
        "synonyms": [
          "aurangabad",
          "IXU",
          "aurangbad",
          "Aurangbad"
        ]
      },
      {
        "value": "Bareilly",
        "synonyms": [
          "bareilly",
          "Barelly",
          "bareily"
        ]
      },
      {
        "value": "Belgaum",
        "synonyms": [
          "belgaum",
          "Belgaam",
          "belgaam"
        ]
      },
      {
        "value": "Bhavnagar",
        "synonyms": [
          "bhavnagar",
          "bhav nagar",
          "Bhav Nagar",
          "BHU"
        ]
      },
      {
        "value": "Bhiwandi",
        "synonyms": [
          "bhiwandi",
          "bhivandi",
          "Bhivandi"
        ]
      },
      {
        "value": "Bhopal",
        "synonyms": [
          "bhopal",
          "BHO"
        ]
      },
      {
        "value": "Bhubaneswar",
        "synonyms": [
          "Bhubaneshwar",
          "Bhuvaneshwar",
          "bhubaneswar",
          "bhubneswar",
          "Bhubneswar",
          "Bhubneshwar",
          "Bhubanesvar"
        ]
      },
      {
        "value": "Bikaner",
        "synonyms": [
          "bikaner",
          "bhikaner"
        ]
      },
      {
        "value": "Bokaro Steel City",
        "synonyms": [
          "Bokaro",
          "bokaro",
          "Bokaro city"
        ]
      },
      {
        "value": "Bengaluru",
        "synonyms": [
          "blore",
          "BLR",
          "blr",
          "Bangalore",
          "bangalore"
        ]
      },
      {
        "value": "Chandigarh",
        "synonyms": [
          "chandigarh",
          "Chandigar",
          "Chandigad",
          "chandigad"
        ]
      },
      {
        "value": "Coimbatore",
        "synonyms": [
          "CJB",
          "coimbatore",
          "kovai",
          "coimbator"
        ]
      },
      {
        "value": "Cuttack",
        "synonyms": [
          "cuttack",
          "Katack",
          "Katak"
        ]
      }
    ],
    "common_examples": [
      {
        "text": "hey",
        "intent": "greet",
        "entities": []
      },
      {
        "text": "howdy",
        "intent": "greet",
        "entities": []
      },
      {
        "text": "hey there",
        "intent": "greet",
        "entities": []
      },
      {
        "text": "hello",
        "intent": "greet",
        "entities": []
      },
      {
        "text": "hi",
        "intent": "greet",
        "entities": []
      },
      {
        "text": "good morning",
        "intent": "greet",
        "entities": []
      },
      {
        "text": "good evening",
        "intent": "greet",
        "entities": []
      },
      {
        "text": "Hola",
        "intent": "greet",
        "entities": []
      },
      {
        "text": "dear sir",
        "intent": "greet",
        "entities": []
      },
      {
        "text": "yes",
        "intent": "affirm",
        "entities": []
      },
      {
        "text": "yep",
        "intent": "affirm",
        "entities": []
      },
      {
        "text": "yeah",
        "intent": "affirm",
        "entities": []
      },
      {
        "text": "indeed",
        "intent": "affirm",
        "entities": []
      },
      {
        "text": "that's right",
        "intent": "affirm",
        "entities": []
      },
      {
        "text": "ok",
        "intent": "affirm",
        "entities": []
      },
      {
        "text": "great",
        "intent": "affirm",
        "entities": []
      },
      {
        "text": "right, thank you",
        "intent": "affirm",
        "entities": []
      },
      {
        "text": "correct",
        "intent": "affirm",
        "entities": []
      },
      {
        "text": "great choice",
        "intent": "affirm",
        "entities": []
      },
      {
        "text": "sounds really good",
        "intent": "affirm",
        "entities": []
      },
      {
        "text": "xyzzzz@gmail.com",
        "intent": "send_email",
        "entities": [
          {
            "start": 0,
            "end": 16,
            "value": "xyzzzz@gmail.com",
            "entity": "email"
          }
        ]
      },
      {
        "text": "aaaaabrs12@gmail.com",
        "intent": "send_email",
        "entities": [
          {
            "start": 0,
            "end": 20,
            "value": "aaaaabrs12@gmail.com",
            "entity": "email"
          }
        ]
      },
      {
        "text": "vkumar25@gmail.com",
        "intent": "send_email",
        "entities": [
          {
            "start": 0,
            "end": 18,
            "value": "vkumar25@gmail.com",
            "entity": "email"
          }
        ]
      },
      {
        "text": "yes please send me at vkumar25@gmail.com",
        "intent": "send_email",
        "entities": [
          {
            "start": 21,
            "end": 31,
            "value": "vkumar25@gmail.com",
            "entity": "email"
          }
        ]
      },
      {
        "text": "i'm looking for a place to eat",
        "intent": "restaurant_search",
        "entities": []
      },
      {
        "text": "I want to grab lunch",
        "intent": "restaurant_search",
        "entities": []
      },
      {
        "text": "I am searching for a dinner spot",
        "intent": "restaurant_search",
        "entities": []
      },
      {
        "text": "i'm looking for a place in the north of town",
        "intent": "restaurant_search",
        "entities": [
          {
            "start": 31,
            "end": 36,
            "value": "north",
            "entity": "location"
          }
        ]
      },
      {
        "text": "show me chines restaurants",
        "intent": "restaurant_search",
        "entities": [
          {
            "start": 8,
            "end": 14,
            "value": "chines",
            "entity": "cuisine"
          }
        ]
      },
      {
        "text": "show me chines restaurants in the north patna",
        "intent": "restaurant_search",
        "entities": [
          {
            "start": 8,
            "end": 14,
            "value": "chinese",
            "entity": "cuisine"
          },
          {
            "start": 34,
            "end": 45,
            "value": "north patna",
            "entity": "location"
          }
        ]
      },
      {
        "text": "are there any mexican restaurants close by",
        "intent": "restaurant_search",
        "entities": [
          {
            "start": 14,
            "end": 21,
            "value": "mexican",
            "entity": "cuisine"
          }
        ]
      },
      {
        "text": "i wish to eat american food",
        "intent": "restaurant_search",
        "entities": [
          {
            "start": 14,
            "end": 22,
            "value": "american",
            "entity": "cuisine"
          }
        ]
      },
      {
        "text": "show me a mexican place in the centre",
        "intent": "restaurant_search",
        "entities": [
          {
            "start": 31,
            "end": 37,
            "value": "centre",
            "entity": "location"
          },
          {
            "start": 10,
            "end": 17,
            "value": "mexican",
            "entity": "cuisine"
          }
        ]
      },
      {
        "text": "i am looking for an indian spot called olaolaolaolaolaola",
        "intent": "restaurant_search",
        "entities": [
          {
            "start": 20,
            "end": 26,
            "value": "indian",
            "entity": "cuisine"
          }
        ]
      },
      {
        "text": "can you search for restaurants",
        "intent": "restaurant_search",
        "entities": []
      },
      {
        "text": "anywhere in the west",
        "intent": "restaurant_search",
        "entities": [
          {
            "start": 16,
            "end": 20,
            "value": "west",
            "entity": "location"
          }
        ]
      },
      {
        "text": "anywhere near 18328",
        "intent": "restaurant_search",
        "entities": [
          {
            "start": 14,
            "end": 19,
            "value": "18328",
            "entity": "location"
          }
        ]
      },
      {
        "text": "I am looking for asian fusion food",
        "intent": "restaurant_search",
        "entities": [
          {
            "start": 17,
            "end": 29,
            "value": "asian fusion",
            "entity": "cuisine"
          }
        ]
      },
      {
        "text": "I am looking a restaurant in 29432",
        "intent": "restaurant_search",
        "entities": [
          {
            "start": 29,
            "end": 34,
            "value": "29432",
            "entity": "location"
          }
        ]
      },
      {
        "text": "in London",
        "intent": "restaurant_search",
        "entities": [
          {
            "start": 3,
            "end": 9,
            "value": "London",
            "entity": "location"
          }
        ]
      },
      {
        "text": "South Indian food will be good",
        "intent": "restaurant_search",
        "entities": [
          {
            "start": 0,
            "end": 12,
            "value": "South Indian",
            "entity": "cuisine"
          }
        ]
      },
      {
        "text": "North Indian restaurants close by",
        "intent": "restaurant_search",
        "entities": [
          {
            "start": 0,
            "end": 12,
            "value": "North Indian",
            "entity": "cuisine"
          }
        ]
      },
      {
        "text": "I want to eat Italian today",
        "intent": "restaurant_search",
        "entities": [
          {
            "start": 14,
            "end": 21,
            "value": "Italian",
            "entity": "cuisine"
          }
        ]
      },
      {
        "text": "Are there any good Chinese restaurants in the city",
        "intent": "restaurant_search",
        "entities": [
          {
            "start": 19,
            "end": 26,
            "value": "chinese",
            "entity": "cuisine"
          }
        ]
      },
      {
        "text": "Are there good american restaurants for lunch",
        "intent": "restaurant_search",
        "entities": [
          {
            "start": 15,
            "end": 23,
            "value": "american",
            "entity": "cuisine"
          }
        ]
      },
      {
        "text": "Do you have any restaurants in Lithuania",
        "intent": "restaurant_search",
        "entities": [
          {
            "start": 31,
            "end": 40,
            "value": "Lithuania",
            "entity": "location"
          }
        ]
      },
      {
        "text": "Oh, sorry, in Italy",
        "intent": "restaurant_search",
        "entities": [
          {
            "start": 14,
            "end": 19,
            "value": "Italy",
            "entity": "location"
          }
        ]
      },
      {
        "text": "We want to eat mexican today",
        "intent": "restaurant_search",
        "entities": [
          {
            "start": 15,
            "end": 22,
            "value": "mexican",
            "entity": "cuisine"
          }
        ]
      },
      {
        "text": "I want to search american restaurants for dinner Delhi",
        "intent": "restaurant_search",
        "entities": [
          {
            "start": 49,
            "end": 54,
            "value": "Delhi",
            "entity": "location"
          },
          {
            "start": 17,
            "end": 25,
            "value": "american",
            "entity": "cuisine"
          }
        ]
      },
      {
        "text": "I want to search for inexpensive restaurants in blr",
        "intent": "restaurant_search",
        "entities": [
          {
            "start": 48,
            "end": 51,
            "value": "blr",
            "entity": "location"
          },
          {
            "start": 21,
            "end": 32,
            "value": "inexpensive",
            "entity": "price"
          }
        ]
      },
      {
        "text": "I am looking for some expensive restaurants in ggn",
        "intent": "restaurant_search",
        "entities": [
          {
            "start": 22,
            "end": 31,
            "value": "expensive",
            "entity": "price"
          },
          {
            "start": 47,
            "end": 50,
            "value": "ggn",
            "entity": "location"
          }
        ]
      },
      {
        "text": "I am looking for some mid range restaurants in Delhi",
        "intent": "restaurant_search",
        "entities": [
          {
            "start": 47,
            "end": 52,
            "value": "Delhi",
            "entity": "location"
          },
          {
            "start": 22,
            "end": 31,
            "value": "mid range",
            "entity": "price"
          }
        ]
      },
      {
        "text": "I am looking for mexican indian fusion",
        "intent": "restaurant_search",
        "entities": [
          {
            "start": 17,
            "end": 38,
            "value": "mexican indian fusion",
            "entity": "cuisine"
          }
        ]
      },
      {
        "text": "can you book a table in rome in a moderate price range with british food for four people",
        "intent": "restaurant_search",
        "entities": [
          {
            "start": 24,
            "end": 28,
            "value": "rome",
            "entity": "location"
          },
          {
            "start": 34,
            "end": 42,
            "value": "mid",
            "entity": "price"
          },
          {
            "start": 60,
            "end": 67,
            "value": "british",
            "entity": "cuisine"
          },
          {
            "start": 77,
            "end": 81,
            "value": "4",
            "entity": "people"
          }
        ]
      },
      {
        "text": "central indian restaurant",
        "intent": "restaurant_search",
        "entities": [
          {
            "start": 0,
            "end": 7,
            "value": "central",
            "entity": "location"
          },
          {
            "start": 8,
            "end": 14,
            "value": "indian",
            "entity": "cuisine"
          }
        ]
      },
      {
        "text": "bye",
        "intent": "goodbye",
        "entities": []
      },
      {
        "text": "goodbye",
        "intent": "goodbye",
        "entities": []
      },
      {
        "text": "good bye",
        "intent": "goodbye",
        "entities": []
      },
      {
        "text": "stop",
        "intent": "goodbye",
        "entities": []
      },
      {
        "text": "end",
        "intent": "goodbye",
        "entities": []
      },
      {
        "text": "farewell",
        "intent": "goodbye",
        "entities": []
      },
      {
        "text": "Bye bye",
        "intent": "goodbye",
        "entities": []
      },
      {
        "text": "have a good one",
        "intent": "goodbye",
        "entities": []
      },
      {
        "text": "please help me to find restaurants in pune",
        "intent": "restaurant_search",
        "entities": [
          {
            "start": 38,
            "end": 42,
            "value": "pune",
            "entity": "location"
          }
        ]
      },
      {
        "text": "show me chinese restaurants in Allahabad",
        "intent": "restaurant_search",
        "entities": [
          {
            "start": 8,
            "end": 15,
            "value": "chinese",
            "entity": "cuisine"
          },
          {
            "start": 31,
            "end": 40,
            "value": "Allahabad",
            "entity": "location"
          }
        ]
      },
      {
        "text": "can you email me indian restaurants list",
        "intent": "restaurant_search",
        "entities": [
          {
            "start": 16,
            "end": 23,
            "value": " indian",
            "entity": "cuisine"
          }
        ]
      },
      {
        "text": "show me mexican restaurants in Allahabad",
        "intent": "restaurant_search",
        "entities": [
          {
            "start": 8,
            "end": 15,
            "value": "mexican",
            "entity": "cuisine"
          },
          {
            "start": 31,
            "end": 40,
            "value": "Allahabad",
            "entity": "location"
          }
        ]
      },
      {
        "text": "I want to see the most expensive restaurant in Bhopal",
        "intent": "restaurant_search",
        "entities": [
          {
            "start": 47,
            "end": 53,
            "value": "Bhopal",
            "entity": "location"
          },
          {
            "start": 18,
            "end": 32,
            "value": "most expensive",
            "entity": "price"
          }
        ]
      },
      {
        "text": "Which is the cheapest south indian restaurants in Allahabad",
        "intent": "restaurant_search",
        "entities": [
          {
            "start": 22,
            "end": 24,
            "value": "south indian",
            "entity": "cuisine"
          },
          {
            "start": 50,
            "end": 59,
            "value": "Allahabad",
            "entity": "location"
          },
          {
            "start": 13,
            "end": 21,
            "value": "cheapest",
            "entity": "price"
          }
        ]
      },
      {
        "text": "Are there enough american restaurants in chandigarh",
        "intent": "restaurant_search",
        "entities": [
          {
            "start": 17,
            "end": 25,
            "value": "american",
            "entity": "cuisine"
          },
          {
            "start": 41,
            "end": 51,
            "value": "chandigarh",
            "entity": "location"
          }
        ]
      },
      {
        "text": "I am looking for cheap mexican restaurant in indore",
        "intent": "restaurant_search",
        "entities": [
          {
            "start": 23,
            "end": 30,
            "value": "mexican",
            "entity": "cuisine"
          },
          {
            "start": 17,
            "end": 22,
            "value": "cheap",
            "entity": "price"
          },
          {
            "start": 45,
            "end": 51,
            "value": "indore",
            "entity": "location"
          }
        ]
      },
      {
        "text": "I want you to mail be mexican restaurants in Pondicherry",
        "intent": "restaurant_search",
        "entities": [
          {
            "start": 22,
            "end": 29,
            "value": "mexican",
            "entity": "cuisine"
          },
          {
            "start": 45,
            "end": 56,
            "value": "Pondicherry",
            "entity": "location"
          }
        ]
      },
      {
        "text": "in Pondicherry are there any good restaurants",
        "intent": "restaurant_search",
        "entities": [
          {
            "start": 3,
            "end": 14,
            "value": "Pondicherry",
            "entity": "location"
          }
        ]
      },
      {
        "text": "show me north indian restaurants in Pondicherry",
        "intent": "restaurant_search",
        "entities": [
          {
            "start": 8,
            "end": 10,
            "value": "north indian",
            "entity": "cuisine"
          },
          {
            "start": 36,
            "end": 47,
            "value": "Pondicherry",
            "entity": "location"
          }
        ]
      },
      {
        "text": "show me high end chinese restaurants in Patna",
        "intent": "restaurant_search",
        "entities": [
          {
            "start": 17,
            "end": 24,
            "value": "chinese",
            "entity": "cuisine"
          },
          {
            "start": 40,
            "end": 45,
            "value": "Patna",
            "entity": "location"
          },
          {
            "start": 8,
            "end": 16,
            "value": "high end",
            "entity": "price"
          }
        ]
      },
      {
        "text": "are there american restaurants in Patna that are not expensive",
        "intent": "restaurant_search",
        "entities": [
          {
            "start": 10,
            "end": 18,
            "value": "american",
            "entity": "cuisine"
          },
          {
            "start": 34,
            "end": 39,
            "value": "Patna",
            "entity": "location"
          },
          {
            "start": 49,
            "end": 62,
            "value": "not expensive",
            "entity": "price"
          }
        ]
      },
      {
        "text": "show me medium range american restaurants in Palakkad ",
        "intent": "restaurant_search",
        "entities": [
          {
            "start": 21,
            "end": 29,
            "value": "american",
            "entity": "cuisine"
          },
          {
            "start": 45,
            "end": 53,
            "value": "Palakkad",
            "entity": "location"
          },
          {
            "start": 8,
            "end": 20,
            "value": "medium range",
            "entity": "price"
          }
        ]
      },
      {
        "text": "Palakkad cheap restaurants",
        "intent": "restaurant_search",
        "entities": [
          {
            "start": 9,
            "end": 15,
            "value": "cheap ",
            "entity": "price"
          },
          {
            "start": 0,
            "end": 8,
            "value": "Palakkad",
            "entity": "location"
          }
        ]
      },
      {
        "text": "Noida high end chinese",
        "intent": "restaurant_search",
        "entities": [
          {
            "start": 15,
            "end": 22,
            "value": "chinese",
            "entity": "cuisine"
          },
          {
            "start": 6,
            "end": 14,
            "value": "high end",
            "entity": "price"
          },
          {
            "start": 0,
            "end": 5,
            "value": "Noida",
            "entity": "location"
          }
        ]
      },
      {
        "text": "Do you have medium range restaurants in madurai",
        "intent": "restaurant_search",
        "entities": [
          {
            "start": 40,
            "end": 47,
            "value": "madurai",
            "entity": "location"
          },
          {
            "start": 12,
            "end": 24,
            "value": "medium range",
            "entity": "price"
          }
        ]
      },
      {
        "text": "Mail me chinese restaurants in haridwar at vivmis@xyz.co.in",
        "intent": "restaurant_search",
        "entities": [
          {
            "start": 43,
            "end": 59,
            "value": "vivmis@xyz.co.in",
            "entity": "email"
          },
          {
            "start": 31,
            "end": 39,
            "value": "haridwar",
            "entity": "location"
          },
          {
            "start": 8,
            "end": 15,
            "value": "chinese",
            "entity": "cuisine"
          }
        ]
      },
      {
        "text": "Noida inexpensive restaurants",
        "intent": "restaurant_search",
        "entities": [
          {
            "start": 0,
            "end": 5,
            "value": "Noida",
            "entity": "location"
          },
          {
            "start": 6,
            "end": 17,
            "value": "inexpensive",
            "entity": "price"
          }
        ]
      },
      {
        "text": "in Palakkad below 300",
        "intent": "restaurant_search",
        "entities": [
          {
            "start": 3,
            "end": 11,
            "value": "Palakkad",
            "entity": "location"
          },
          {
            "start": 12,
            "end": 21,
            "value": "below 300",
            "entity": "price"
          }
        ]
      },
      {
        "text": "North faridabad is preferred location",
        "intent": "restaurant_search",
        "entities": [
          {
            "start": 0,
            "end": 15,
            "value": "North faridabad",
            "entity": "location"
          }
        ]
      },
      {
        "text": "my preferred location is Patna",
        "intent": "restaurant_search",
        "entities": [
          {
            "start": 25,
            "end": 30,
            "value": "Patna",
            "entity": "location"
          }
        ]
      },
      {
        "text": "i want my location to be guwahati",
        "intent": "restaurant_search",
        "entities": [
          {
            "start": 25,
            "end": 33,
            "value": "guwahati",
            "entity": "location"
          }
        ]
      },
      {
        "text": "Can you suggest some good restaurants in Nellore above 700",
        "intent": "restaurant_search",
        "entities": [
          {
            "start": 41,
            "end": 48,
            "value": "Nellore",
            "entity": "location"
          },
          {
            "start": 49,
            "end": 58,
            "value": "above 700",
            "entity": "price"
          }
        ]
      },
      {
        "text": "Can you suggest some cheap restaurants in Nashik",
        "intent": "restaurant_search",
        "entities": [
          {
            "start": 42,
            "end": 48,
            "value": "Nashik",
            "entity": "location"
          },
          {
            "start": 21,
            "end": 26,
            "value": "cheap",
            "entity": "price"
          }
        ]
      },
      {
        "text": "suggest some restaurants in 700 range in Nashik",
        "intent": "restaurant_search",
        "entities": [
          {
            "start": 41,
            "end": 47,
            "value": "Nashik",
            "entity": "location"
          },
          {
            "start": 28,
            "end": 37,
            "value": "700 range",
            "entity": "price"
          }
        ]
      },
      {
        "text": "Suggest some great indian restaurant that is value for money Nashik",
        "intent": "restaurant_search",
        "entities": [
          {
            "start": 61,
            "end": 67,
            "value": "Nashik",
            "entity": "location"
          },
          {
            "start": 45,
            "end": 60,
            "value": "value for money",
            "entity": "price"
          },
          {
            "start": 19,
            "end": 25,
            "value": "indian",
            "entity": "cuisine"
          }
        ]
      },
      {
        "text": "Can you suggest some good restaurants in Nanded",
        "intent": "restaurant_search",
        "entities": [
          {
            "start": 41,
            "end": 47,
            "value": "Nanded",
            "entity": "location"
          }
        ]
      },
      {
        "text": "Can you suggest some good restaurants in Mangalore <300",
        "intent": "restaurant_search",
        "entities": [
          {
            "start": 41,
            "end": 50,
            "value": "Mangalore",
            "entity": "location"
          },
          {
            "start": 51,
            "end": 55,
            "value": "<300",
            "entity": "price"
          }
        ]
      },
      {
        "text": "Goa will be good",
        "intent": "restaurant_search",
        "entities": [
          {
            "start": 0,
            "end": 3,
            "value": "Goa",
            "entity": "location"
          }
        ]
      },
      {
        "text": "Can you suggest some good restaurants in Mathura",
        "intent": "restaurant_search",
        "entities": [
          {
            "start": 41,
            "end": 48,
            "value": "Mathura",
            "entity": "location"
          }
        ]
      },
      {
        "text": "will prefer in Mathura",
        "intent": "restaurant_search",
        "entities": [
          {
            "start": 15,
            "end": 22,
            "value": "Mathura",
            "entity": "location"
          }
        ]
      },
      {
        "text": "Mathura will do",
        "intent": "restaurant_search",
        "entities": [
          {
            "start": 0,
            "end": 7,
            "value": "Mathura",
            "entity": "location"
          }
        ]
      },
      {
        "text": "Lucknow will be good",
        "intent": "restaurant_search",
        "entities": [
          {
            "start": 0,
            "end": 7,
            "value": "Lucknow",
            "entity": "location"
          }
        ]
      },
      {
        "text": "Kurnool",
        "intent": "restaurant_search",
        "entities": [
          {
            "start": 0,
            "end": 7,
            "value": "Kurnool",
            "entity": "location"
          }
        ]
      },
      {
        "text": "Can you suggest some good family restaurants in Kota",
        "intent": "restaurant_search",
        "entities": [
          {
            "start": 48,
            "end": 52,
            "value": "Kota",
            "entity": "location"
          }
        ]
      },
      {
        "text": "looking for family restaurants in delhi that are not too expensive",
        "intent": "restaurant_search",
        "entities": [
          {
            "start": 34,
            "end": 39,
            "value": "delhi",
            "entity": "location"
          },
          {
            "start": 53,
            "end": 66,
            "value": "too expensive",
            "entity": "price"
          }
        ]
      },
      {
        "text": "Can you suggest some good restaurants in Kottayam that you can mail me myhero@yahoo.com",
        "intent": "restaurant_search",
        "entities": [
          {
            "start": 41,
            "end": 49,
            "value": "Kottayam",
            "entity": "location"
          },
          {
            "start": 71,
            "end": 87,
            "value": "myhero@yahoo.com",
            "entity": "email"
          }
        ]
      },
      {
        "text": "in Kottayam and pls mail me at a123@gmail.com",
        "intent": "restaurant_search",
        "entities": [
          {
            "start": 3,
            "end": 11,
            "value": "Kottayam",
            "entity": "location"
          },
          {
            "start": 31,
            "end": 45,
            "value": "a123@gmail.com",
            "entity": "email"
          }
        ]
      },
      {
        "text": "mail me the top ten restaurants at divyark1488@gmail.com",
        "intent": "send_email",
        "entities": [
          {
            "start": 35,
            "end": 56,
            "value": "divyark1488@gmail.com",
            "entity": "email"
          }
        ]
      },
      {
        "text": "yes at abc_efg@yahoo.co.in",
        "intent": "send_email",
        "entities": [
          {
            "start": 7,
            "end": 26,
            "value": "abc_efg@yahoo.co.in",
            "entity": "email"
          }
        ]
      },
      {
        "text": "sunnygupta25@gmail.com",
        "intent": "send_email",
        "entities": [
          {
            "start": 0,
            "end": 22,
            "value": "sunnygupta25@gmail.com",
            "entity": "email"
          }
        ]
      },
      {
        "text": "my id divyark14@gmail.com",
        "intent": "send_email",
        "entities": [
          {
            "start": 6,
            "end": 25,
            "value": "divyark14@gmail.com",
            "entity": "email"
          }
        ]
      },
      {
        "text": "show me chines restaurants in the north below Rs.300",
        "intent": "restaurant_search",
        "entities": [
          {
            "start": 8,
            "end": 15,
            "value": "chines ",
            "entity": "cuisine"
          },
          {
            "start": 34,
            "end": 40,
            "value": "north ",
            "entity": "location"
          },
          {
            "start": 40,
            "end": 52,
            "value": "below Rs.300",
            "entity": "price"
          }
        ]
      },
      {
        "text": "show me north indian restaurants in Allahabad in lesser than Rs. 300 price range",
        "intent": "restaurant_search",
        "entities": [
          {
            "start": 8,
            "end": 20,
            "value": "north indian",
            "entity": "location"
          },
          {
            "start": 36,
            "end": 45,
            "value": "Allahabad",
            "entity": "location"
          },
          {
            "start": 49,
            "end": 80,
            "value": "lesser than Rs. 300 price range",
            "entity": "price"
          }
        ]
      },
      {
        "text": "show me north indian restaurants in Allahabad in Rs. 300 to 700 price range",
        "intent": "restaurant_search",
        "entities": [
          {
            "start": 8,
            "end": 19,
            "value": "north india",
            "entity": "cuisine"
          },
          {
            "start": 36,
            "end": 45,
            "value": "Allahabad",
            "entity": "price"
          },
          {
            "start": 49,
            "end": 75,
            "value": "Rs. 300 to 700 price range",
            "entity": "price"
          }
        ]
      },
      {
        "text": "show me north indian restaurants in Allahabad in more than 700 price range",
        "intent": "restaurant_search",
        "entities": [
          {
            "start": 8,
            "end": 20,
            "value": "north indian",
            "entity": "location"
          },
          {
            "start": 36,
            "end": 45,
            "value": "Allahabad",
            "entity": "location"
          },
          {
            "start": 49,
            "end": 74,
            "value": "more than 700 price range",
            "entity": "price"
          }
        ]
      },
      {
        "text": "show me north indian restaurants in Pondicherry in lesser than Rs. 300 price range",
        "intent": "restaurant_search",
        "entities": [
          {
            "start": 8,
            "end": 20,
            "value": "north indian",
            "entity": "location"
          },
          {
            "start": 36,
            "end": 47,
            "value": "Pondicherry",
            "entity": "location"
          },
          {
            "start": 51,
            "end": 82,
            "value": "lesser than Rs. 300 price range",
            "entity": "price"
          }
        ]
      },
      {
        "text": "show me north indian restaurants in Pondicherry in < 300 price range",
        "intent": "restaurant_search",
        "entities": [
          {
            "start": 36,
            "end": 48,
            "value": "Pondicherry ",
            "entity": "location"
          },
          {
            "start": 8,
            "end": 20,
            "value": "north indian",
            "entity": "cuisine"
          },
          {
            "start": 51,
            "end": 68,
            "value": "< 300 price range",
            "entity": "price"
          }
        ]
      },
      {
        "text": "Price more than 700",
        "intent": "restaurant_search",
        "entities": [
          {
            "start": 0,
            "end": 19,
            "value": "Price more than 700",
            "entity": "price"
          }
        ]
      },
      {
        "text": "Price Less than 300",
        "intent": "restaurant_search",
        "entities": [
          {
            "start": 0,
            "end": 19,
            "value": "Price Less than 300",
            "entity": "price"
          }
        ]
      },
      {
        "text": "Bewteen 300 to 700",
        "intent": "restaurant_search",
        "entities": [
          {
            "start": 0,
            "end": 18,
            "value": "Bewteen 300 to 700",
            "entity": "price"
          }
        ]
      },
      {
        "text": "Lesser than Rs. 300",
        "intent": "restaurant_search",
        "entities": [
          {
            "start": 0,
            "end": 19,
            "value": "Lesser than Rs. 300",
            "entity": "price"
          }
        ]
      },
      {
        "text": "Rs. 300 to 700",
        "intent": "restaurant_search",
        "entities": [
          {
            "start": 0,
            "end": 14,
            "value": "Rs. 300 to 700",
            "entity": "price"
          }
        ]
      },
      {
        "text": "More than 700",
        "intent": "restaurant_search",
        "entities": [
          {
            "start": 0,
            "end": 13,
            "value": "More than 700",
            "entity": "price"
          }
        ]
      },
      {
        "text": "Mid-range",
        "intent": "restaurant_search",
        "entities": [
          {
            "start": 0,
            "end": 9,
            "value": "Mid-range",
            "entity": "price"
          }
        ]
      },
      {
        "text": "low range",
        "intent": "restaurant_search",
        "entities": [
          {
            "start": 0,
            "end": 9,
            "value": "low range",
            "entity": "price"
          }
        ]
      },
      {
        "text": "High end",
        "intent": "restaurant_search",
        "entities": [
          {
            "start": 0,
            "end": 8,
            "value": "High end",
            "entity": "price"
          }
        ]
      },
      {
        "text": "Rs300-700",
        "intent": "restaurant_search",
        "entities": [
          {
            "start": 0,
            "end": 9,
            "value": "Rs300-700",
            "entity": "price"
          }
        ]
      },
      {
        "text": "show me restaurant in Pune for Less than 300",
        "intent": "restaurant_search",
        "entities": [
          {
            "start": 22,
            "end": 27,
            "value": "Pune ",
            "entity": "location"
          },
          {
            "start": 31,
            "end": 44,
            "value": "Less than 300",
            "entity": "price"
          }
        ]
      },
      {
        "text": "Show me restaurant for <300",
        "intent": "restaurant_search",
        "entities": [
          {
            "start": 23,
            "end": 27,
            "value": "<300",
            "entity": "price"
          }
        ]
      },
      {
        "text": "show me restaurant in Jalandhar for Low end of range",
        "intent": "restaurant_search",
        "entities": [
          {
            "start": 22,
            "end": 32,
            "value": "Jalandhar ",
            "entity": "location"
          },
          {
            "start": 36,
            "end": 52,
            "value": "Low end of range",
            "entity": "price"
          }
        ]
      },
      {
        "text": "Show me chinese cuisine which is Not very expensive",
        "intent": "restaurant_search",
        "entities": [
          {
            "start": 8,
            "end": 16,
            "value": "chinese ",
            "entity": "cuisine"
          },
          {
            "start": 33,
            "end": 51,
            "value": "Not very expensive",
            "entity": "price"
          }
        ]
      },
      {
        "text": "Show me North Indian Cuisine for Lesser than Rs. 300",
        "intent": "restaurant_search",
        "entities": [
          {
            "start": 8,
            "end": 20,
            "value": "North Indian",
            "entity": "cuisine"
          },
          {
            "start": 33,
            "end": 52,
            "value": "Lesser than Rs. 300",
            "entity": "price"
          }
        ]
      },
      {
        "text": "Show me American Cusine in Ludhiana for <ruppees 300",
        "intent": "restaurant_search",
        "entities": [
          {
            "start": 8,
            "end": 17,
            "value": "American ",
            "entity": "cuisine"
          },
          {
            "start": 27,
            "end": 36,
            "value": "Ludhiana ",
            "entity": "location"
          },
          {
            "start": 40,
            "end": 52,
            "value": "<ruppees 300",
            "entity": "price"
          }
        ]
      },
      {
        "text": "Show me Restaurants in Pune with Chinese cuisine which is Mid range",
        "intent": "restaurant_search",
        "entities": [
          {
            "start": 23,
            "end": 28,
            "value": "Pune ",
            "entity": "location"
          },
          {
            "start": 33,
            "end": 41,
            "value": "Chinese ",
            "entity": "cuisine"
          },
          {
            "start": 58,
            "end": 67,
            "value": "Mid range",
            "entity": "price"
          }
        ]
      },
      {
        "text": "Mid Range Restaurant in Chenai",
        "intent": "restaurant_search",
        "entities": [
          {
            "start": 0,
            "end": 9,
            "value": "Mid Range",
            "entity": "price"
          },
          {
            "start": 24,
            "end": 30,
            "value": "Chenai",
            "entity": "location"
          }
        ]
      },
      {
        "text": "Medium Budget place to eat in Kozhikode",
        "intent": "restaurant_search",
        "entities": [
          {
            "start": 0,
            "end": 13,
            "value": "Medium Budget",
            "entity": "price"
          },
          {
            "start": 30,
            "end": 39,
            "value": "Kozhikode",
            "entity": "location"
          }
        ]
      },
      {
        "text": ">700 place to eat in Kolkata",
        "intent": "restaurant_search",
        "entities": [
          {
            "start": 0,
            "end": 4,
            "value": ">700",
            "entity": "price"
          },
          {
            "start": 21,
            "end": 28,
            "value": "Kolkata",
            "entity": "location"
          }
        ]
      },
      {
        "text": "Show me Costly options to have dinner in Chennai having American Cuisine",
        "intent": "restaurant_search",
        "entities": [
          {
            "start": 8,
            "end": 14,
            "value": "Costly",
            "entity": "price"
          },
          {
            "start": 41,
            "end": 49,
            "value": "Chennai ",
            "entity": "location"
          },
          {
            "start": 56,
            "end": 64,
            "value": "American",
            "entity": "cuisine"
          }
        ]
      },
      {
        "text": "Show me Costly options to have dinner in Ludhiana having American Cuisine",
        "intent": "restaurant_search",
        "entities": [
          {
            "start": 8,
            "end": 14,
            "value": "Costly",
            "entity": "price"
          },
          {
            "start": 41,
            "end": 50,
            "value": "Ludhiana ",
            "entity": "location"
          },
          {
            "start": 57,
            "end": 65,
            "value": "American",
            "entity": "cuisine"
          }
        ]
      },
      {
        "text": "Show me places to eat where price is Price more than 700 and Cuisine is Chinese",
        "intent": "restaurant_search",
        "entities": [
          {
            "start": 37,
            "end": 56,
            "value": "Price more than 700",
            "entity": "price"
          },
          {
            "start": 72,
            "end": 79,
            "value": "Chinese",
            "entity": "cuisine"
          }
        ]
      },
      {
        "text": "Show me places to eat between 300 to 700 rs",
        "intent": "restaurant_search",
        "entities": [
          {
            "start": 23,
            "end": 44,
            "value": "between 300 to 700 rs",
            "entity": "price"
          }
        ]
      },
      {
        "text": ">700Rs. places to eat",
        "intent": "restaurant_search",
        "entities": [
          {
            "start": 0,
            "end": 7,
            "value": ">700Rs.",
            "entity": "price"
          }
        ]
      },
      {
        "text": "can you suggest me american food in bangalore for budget more than 300",
        "intent": "restaurant_search",
        "entities": [
          {
            "start": 56,
            "end": 70,
            "value": " more than 300",
            "entity": "price"
          },
          {
            "start": 36,
            "end": 45,
            "value": "bangalore",
            "entity": "location"
          },
          {
            "start": 19,
            "end": 27,
            "value": "american",
            "entity": "cuisine"
          }
        ]
      },
      {
        "text": "can you suggest me american food in bangalore for budget more than 700",
        "intent": "restaurant_search",
        "entities": [
          {
            "start": 57,
            "end": 70,
            "value": "more than 700",
            "entity": "price"
          },
          {
            "start": 36,
            "end": 45,
            "value": "bangalore",
            "entity": "location"
          },
          {
            "start": 19,
            "end": 27,
            "value": "american",
            "entity": "cuisine"
          }
        ]
      },
      {
        "text": "can you suggest me american food in bangalore for budget between Rs. 300 to 700",
        "intent": "restaurant_search",
        "entities": [
          {
            "start": 65,
            "end": 79,
            "value": "Rs. 300 to 700",
            "entity": "price"
          },
          {
            "start": 36,
            "end": 45,
            "value": "bangalore",
            "entity": "location"
          },
          {
            "start": 19,
            "end": 27,
            "value": "american",
            "entity": "cuisine"
          }
        ]
      },
      {
        "text": "hey man",
        "intent": "greet",
        "entities": []
      },
      {
        "text": "Hiiii",
        "intent": "greet",
        "entities": []
      },
      {
        "text": "how are u",
        "intent": "greet",
        "entities": []
      },
      {
        "text": "how are you doing",
        "intent": "greet",
        "entities": []
      },
      {
        "text": "hi!!!",
        "intent": "greet",
        "entities": []
      },
      {
        "text": "good day",
        "intent": "greet",
        "entities": []
      },
      {
        "text": "sure",
        "intent": "affirm",
        "entities": []
      },
      {
        "text": "thats correct",
        "intent": "affirm",
        "entities": []
      },
      {
        "text": "i'll be happy with that",
        "intent": "affirm",
        "entities": []
      },
      {
        "text": "that would be great",
        "intent": "affirm",
        "entities": []
      },
      {
        "text": "prefer to get it at abc@zya.co.in",
        "intent": "send_email",
        "entities": [
          {
            "start": 20,
            "end": 33,
            "value": "abc@zya.co.in",
            "entity": "email"
          }
        ]
      },
      {
        "text": "yes please send at mis-viv@",
        "intent": "send_email",
        "entities": [
          {
            "start": 19,
            "end": 27,
            "value": "mis-viv@",
            "entity": "email"
          }
        ]
      },
      {
        "text": "send it at my personal id",
        "intent": "send_email",
        "entities": []
      },
      {
        "text": "i will prefer to get it on my work id",
        "intent": "send_email",
        "entities": []
      },
      {
        "text": "will a gmail id work?",
        "intent": "send_email",
        "entities": []
      },
      {
        "text": "can you send message to any id?",
        "intent": "send_email",
        "entities": []
      }
    ]
  }
}