{
  "chinese": "chinese",
  "chines": "chinese",
  "mexican indian fusion": "mexican",
  "mexicana": "mexican",
  "less than 300": "Lesser than Rs. 300",
  "lesser than 300": "Lesser than Rs. 300",
  "lower than 300": "Lesser than Rs. 300",
  "low budget": "Lesser than Rs. 300",
  "cost effective": "Lesser than Rs. 300",
  "lesser than 300rs.": "Lesser than Rs. 300",
  "lesser than rs300": "Lesser than Rs. 300",
  "<300": "Lesser than Rs. 300",
  "low end of range": "Lesser than Rs. 300",
  "not very expensive": "Lesser than Rs. 300",
  "cheaper options": "Lesser than Rs. 300",
  "less than 300 ruppees": "Lesser than Rs. 300",
  "less than ruppees 300": "Lesser than Rs. 300",
  "lower than ruppees 300": "Lesser than Rs. 300",
  "< 300 rs": "Lesser than Rs. 300",
  "< 300 ruppees": "Lesser than Rs. 300",
  "<ruppees 300": "Lesser than Rs. 300",
  "lesser budget": "Lesser than Rs. 300",
  "lesser than rs. 300 price range": "Lesser than Rs. 300",
  "< 300 price range": "Lesser than Rs. 300",
  "price less than 300": "Lesser than Rs. 300",
  "mid range": "Rs. 300 to 700",
  "mid-range": "Rs. 300 to 700",
  "rs300-700": "Rs. 300 to 700",
  "300-700rs": "Rs. 300 to 700",
  "rs.300-rs.700": "Rs. 300 to 700",
  "rs300-rs700": "Rs. 300 to 700",
  "medium range": "Rs. 300 to 700",
  "between 300 to 700 rs": "Rs. 300 to 700",
  "between 300 to 700 ruppees": "Rs. 300 to 700",
  "between rupppees 300 to 700": "Rs. 300 to 700",
  "mid budget": "Rs. 300 to 700",
  "300 ruppees to 700 ruppees": "Rs. 300 to 700",
  "medium budget": "Rs. 300 to 700",
  "rs. 300 to 700 price range": "Rs. 300 to 700",
  "bewteen 300 to 700": "Rs. 300 to 700",
  "rs. 300 to rs. 700": "Rs. 300 to 700",
  "greater than 700": "More than 700",
  "high-range": "More than 700",
  "high end": "More than 700",
  ">700": "More than 700",
  ">700rs.": "More than 700",
  ">rs. 700": "More than 700",
  "more than rs. 700": "More than 700",
  "more than 700rs.": "More than 700",
  "more than ruppees 700": "More than 700",
  "more than 700 ruppees": "More than 700",
  "more than 700 rs": "More than 700",
  "more than rs 700": "More than 700",
  "high budget": "More than 700",
  "costly options": "More than 700",
  "more than 700 price range": "More than 700",
  "price more than 700": "More than 700",
  "costly": "More than 700",
  "veggie": "vegetarian",
  "vegg": "vegetarian",
  "cochin": "Kochi",
  "cottayam": "Kottayam",
  "cotym": "Kottayam",
  "kolam": "Kollam",
  "quilon": "Kollam",
  "desinganadu": "Kollam",
  "kotah": "Kota",
  "dehredun": "Dehradun",
  "dahradun": "Dehradun",
  "dun": "Dehradun",
  "ded": "Dehradun",
  "dehra dun": "Dehradun",
  "dehra": "Dehradun",
  "dhenbad": "Dhanbad",
  "dhanabad": "Dhanbad",
  "dhnbaad": "Dhanbad",
  "bhilai nagar": "Durg-BhilaiNagar",
  "durg bhillai nagar": "Durg-BhilaiNagar",
  "bhillai nagar": "Durg-BhilaiNagar",
  "durgbillai nagar": "Durg-BhilaiNagar",
  "durgbhillainagar": "Durg-BhilaiNagar",
  "durgpur": "Durgapur",
  "duragpur": "Durgapur",
  "eru odai": "Erode",
  "eera odu": "Erode",
  "fdb": "Faridabad",
  "faridbad": "Faridabad",
  "firozbad": "Firozabad",
  "ferozabad": "Firozabad",
  "feroazabad": "Firozabad",
  "gaziabad": "Ghaziabad",
  "gzbd": "Ghaziabad",
  "gaziabd": "Ghaziabad",
  "gorkpur": "Gorakhpur",
  "gorakpur": "Gorakhpur",
  "gorekpur": "Gorakhpur",
  "glbarga": "Gulbarga",
  "gulbarg": "Gulbarga",
  "gntur": "Guntur",
  "gunturu": "Guntur",
  "guntar": "Guntur",
  "ggn": "Gurgaon",
  "gurugram": "Gurgaon",
  "gwahati": "Guwahati",
  "guhati": "Guwahati",
  "gwoliar": "Gwalior",
  "gwaliur": "Gwalior",
  "gwaliar": "Gwalior",
  "hubli": "Hubli-Dharwad",
  "dharwad": "Hubli-Dharwad",
  "huble": "Hubli-Dharwad",
  "dharwar": "Hubli-Dharwad",
  "hublidharwad": "Hubli-Dharwad",
  "idr": "Indore",
  "indor": "Indore",
  "jbl": "Jabalpur",
  "jabalpuru": "Jabalpur",
  "jai": "Jaipur",
  "japur": "Jaipur",
  "jaipura": "Jaipur",
  "jld": "Jalandhar",
  "jalndhar": "Jalandhar",
  "ixj": "Jammu",
  "jmmu": "Jammu",
  "jamu": "Jammu",
  "jga": "Jamnagar",
  "jamanagar": "Jamnagar",
  "jamngar": "Jamnagar",
  "": "Jamnagar",
  "jmshedpur": "Jamshedpur",
  "jamsedpur": "Jamshedpur",
  "ixw": "Jamshedpur",
  "jhnsi": "Jhansi",
  "jansi": "Jhansi",
  "jdh": "Jodhpur",
  "jodpur": "Jodhpur",
  "kanur": "Kannur",
  "knnur": "Kannur",
  "knu": "Kanpur",
  "knpur": "Kanpur",
  "kakinda": "Kakinada",
  "kkinada": "Kakinada",
  "calicut": "Kozhikode",
  "karnool": "Kurnool",
  "lko": "Lucknow",
  "luh": "Ludhiana",
  "ixm": "Madurai",
  "goi": "Goa",
  "ixe": "Mangalore",
  "mysuru": "Mysore",
  "nag": "Nagpur",
  "ndc": "Nanded",
  "palghat": "Palakkad",
  "pat": "Patna",
  "puducherry": "Pondicherry",
  "pny": "Pondicherry",
  "atal nagar": "Raipur",
  "raj": "Rajkot",
  "rajamahendravaram": "Rajahmundry",
  "rajmandri": "Rajahmundry",
  "ixr": "Ranchi",
  "rachi": "Ranchi",
  "spat nagar": "Rourkela",
  "kegaon": "Solapur",
  "sxr": "Srinagar",
  "shrinagar": "Srinagar",
  "siri-nagar": "Srinagar",
  "sri-nagar": "Srinagar",
  "sri-nagara": "Srinagar",
  "stv": "Surat",
  "surajpur": "Surat",
  "suryapur": "Surat",
  "trivandrum": "Thiruvananthapuram",
  "travancore": "Thiruvananthapuram",
  "trichur": "Thrissur",
  "trichy": "Tiruchirappalli",
  "trichinopoly": "Tiruchirappalli",
  "nellai": "Tirunelveli",
  "tinnevelly": "Tirunelveli",
  "tirupur": "Tiruppur",
  "ujjaini": "Ujjain",
  "vijayapura": "Bijapur",
  "bdq": "Vadodara",
  "baroda": "Vadodara",
  "vns": "Varanasi",
  "benares": "Varanasi",
  "banaras": "Varanasi",
  "kashi": "Varanasi",
  "vga": "Vijayawada",
  "bezawada": "Vijayawada",
  "vizag": "Visakhapatnam",
  "waltair": "Visakhapatnam",
  "allahabad": "Prayagraj",
  "ahmedabad": "Ahmedabad",
  "amd": "Ahmedabad",
  "amdavad": "Ahmedabad",
  "madras": "Chennai",
  "maa": "Chennai",
  "chennai": "Chennai",
  "chenai": "Chennai",
  "dilli": "Delhi",
  "del": "Delhi",
  "delhi": "Delhi",
  "new delhi": "Delhi",
  "newdelhi": "Delhi",
  "hyd": "Hyderabad",
  "haiderabad": "Hyderabad",
  "hyderabad": "Hyderabad",
  "ccu": "Kolkata",
  "kolkata": "Kolkata",
  "calcutta": "Kolkata",
  "kalkata": "Kolkata",
  "calcuta": "Kolkata",
  "mumbai": "Mumbai",
  "bom": "Mumbai",
  "navi mumbai": "Mumbai",
  "pune": "Pune",
  "pnq": "Pune",
  "poona": "Pune",
  "agra": "Agra",
  "agr": "Agra",
  "ajmer": "Ajmer",
  "aligar": "Aligarh",
  "aligadh": "Aligarh",
  "aligad": "Aligarh",
  "aligarh": "Aligarh",
  "amravati": "Amravati",
  "amravat": "Amravati",
  "amravaty": "Amravati",
  "amaravaty": "Amravati",
  "amritsar": "Amritsar",
  "atq": "Amritsar",
  "ambarsar": "Amritsar",
  "asansol": "Asansol",
  "asaansol": "Asansol",
  "aurangabad": "Aurangabad",
  "ixu": "Aurangabad",
  "aurangbad": "Aurangabad",
  "bareilly": "Bareilly",
  "barelly": "Bareilly",
  "bareily": "Bareilly",
  "belgaum": "Belgaum",
  "belgaam": "Belgaum",
  "bhavnagar": "Bhavnagar",
  "bhav nagar": "Bhavnagar",
  "bhu": "Bhavnagar",
  "bhiwandi": "Bhiwandi",
  "bhivandi": "Bhiwandi",
  "bhopal": "Bhopal",
  "bho": "Bhopal",
  "bhubaneshwar": "Bhubaneswar",
  "bhuvaneshwar": "Bhubaneswar",
  "bhubaneswar": "Bhubaneswar",
  "bhubneswar": "Bhubaneswar",
  "bhubneshwar": "Bhubaneswar",
  "bhubanesvar": "Bhubaneswar",
  "bikaner": "Bikaner",
  "bhikaner": "Bikaner",
  "bokaro": "Bokaro Steel City",
  "bokaro city": "Bokaro Steel City",
  "blore": "Bengaluru",
  "blr": "Bengaluru",
  "bangalore": "Bengaluru",
  "chandigarh": "Chandigarh",
  "chandigar": "Chandigarh",
  "chandigad": "Chandigarh",
  "cjb": "Coimbatore",
  "coimbatore": "Coimbatore",
  "kovai": "Coimbatore",
  "coimbator": "Coimbatore",
  "cuttack": "Cuttack",
  "katack": "Cuttack",
  "katak": "Cuttack",
  " vkumar25@": "vkumar25@gmail.com",
  "moderate": "mid",
  "four": "4",
  "so": "south indian",
  "no": "north indian",
  "etween 300 to 700 rs": "between 300 to 700 rs"
}